id,order_num,date,total
1,96299,10/04/22 13:32,"מסך גיימינג Monitor 2K IPS 1MS 165HZ  Gigabyte AORUS FI27Q IPS
                            

מק""ט: GBM-2720



                            ₪1,599
                        
1

₪1,599










                                אוזניות Cooler Master MH650 Gaming Headset RGB VR 7.1 Surround
                            

מק""ט: CLM-MH650



                            ₪169
                        
1

₪169










                                קירור נוזלי COOLER MASTER ML360L ARGB V2 LIQUID COOLER
                            

מק""ט: CLM-L3602



                            ₪319
                        
1

₪319










                                כרטיס מסך Gigabyte RTX 3070 GAMING OC 8GB 2.0 PCIE 4.0X16 LHR
                            

מק""ט: GVN3070302



                            ₪2,750
                        
1

₪2,750










                                נייח Antec DF600 Flux+HCG750W Z690 UD I7-12700 32GB DDR5 1TB NVME
                            

מק""ט: CS-127010



                            ₪3,870
                        
1

₪3,870"
5,100440,26/05/22 14:25,"סט מקלדת ועכבר אל-חוטי Microsoft Sculpt Ergonomic Desktop
                            

מק""ט: 9M650



                            ₪299
                        
1

₪299










                                רמקולים GENIUS SP-Q180 USB פס אפור
                            

מק""ט: US-380



                            ₪29
                        
1

₪29"
6,100511,29/05/22 10:13,"דיסק פנימי Kingston 1TB NVME Gen 3.0X4 NV1 Series 2100/1700MB/s
                            

מק""ט: KSSD-SNVS1000



                            ₪299
                        
1

₪299










                                זכרון לנייד Crucial SODIM 16GB 3200Mhz DDR4 1.2V CL22
                            

מק""ט: CR41632S



                            ₪229
                        
2

₪458










                                נייד GIGABYTE G5 15.6 i5-11400H 16GB 512NVME RTX3060P 144HZ DOS
                            

מק""ט: GBN-G5-36KD



                            ₪3,090
                        
1

₪3,090"
9,101287,06/06/22 11:08,"כבל HDMI 2.0M 4K
                            

מק""ט: 29081K



                            ₪12
                        
5

₪60










                                כרטיס מסך Gigabyte RTX 2060 12GB GV-N206D6-12GD
                            

מק""ט: GVN-2060126



                            ₪1,540
                        
1

₪1,540"
14,101683,09/06/22 02:54,"סט אלחוטי שחור 3 שפות Lenovo 510 Wireless Set Heb/Eng/Russian
                            

מק""ט: LN-KM510BR



                            ₪89
                        
1

₪89"
15,101684,09/06/22 03:05,"רמקולים GENIUS SP-Q180 USB פס אפור
                            

מק""ט: US-380



                            ₪29
                        
1

₪29"
18,103297,23/06/22 11:24,"מקלדת Microsoft Wired Keyboard 600
                            

מק""ט: 9M507



                            ₪46
                        
1

₪46"
19,103994,30/06/22 14:59,"דיסק חיצוני 2.5 Western Digital Elements 2TB
                            

מק""ט: WD-E2000



                            ₪219
                        
1

₪219










                                מסך מחשב Acer KA270 27 FHD VA 4ms Vga Hdmi VESA
                            

מק""ט: ACR-M-KA270



                            ₪530
                        
1

₪530"
20,104520,06/07/22 11:03,"מקלדת Microsoft Wired Keyboard 600
                            

מק""ט: 9M507



                            ₪46
                        
1

₪46










                                כרטיס רשת אלחוטי TPLINK TL-WN8200ND
                            

מק""ט: 916046



                            ₪59
                        
1

₪59










                                מסך Gigabyte M27Q X 27 2K 1Ms SS IPS 240HZ KVM HDR400 SPEAKERS
                            

מק""ט: GBM-2747



                            ₪1,799
                        
2

₪3,598"
21,104570,06/07/22 13:47,"מחשב מורכב דור 10 Solid/SAMA 500W H410M H i3-10100 i70 8Gb 240Ssd
                            

מק""ט: MC-1010010H



                            ₪980
                        
1

₪980"
22,105982,19/07/22 11:35,"מחשב מורכב דור 10 Solid/SAMA 500W H410M H i3-10100 i70 8Gb 240Ssd
                            

מק""ט: MC-1010010H



                            ₪1,000
                        
1

₪1,000"
24,107717,04/08/22 10:24,"נייד DELL Vostro 3510 i5-1135G7 8GB 256GB NVME 15.6 FHD DOS 3YOS
                            

מק""ט: DLN-3510-13605



                            ₪1,699
                        
1

₪1,699"
25,108872,15/08/22 12:04,"עכבר Microsoft Wireless Mobile Mouse 1850
                            

מק""ט: 9M185



                            ₪44
                        
2

₪88










                                אקסס פוינט TPLink TL-RE200 AC750 Wi-Fi Range Extender
                            

מק""ט: 916094



                            ₪129
                        
1

₪129










                                דיסק GIGABYTE AORUS NVMe Gen4 SSD 1TB GP-ASM2NE6100TTTD
                            

מק""ט: 94SSD11001



                            ₪399
                        
1

₪399










                                מארז גיימינג כולל מאוורר ARGB אחורי Antec NX400 Mid Tower
                            

מק""ט: AN1-NX400



                            ₪175
                        
1

₪175










                                רמקולים Black Creative Pebble Plus 2.1 USB
                            

מק""ט: 18048



                            ₪125
                        
1

₪125










                                זכרון לנייח Crucial DDR4 8GB 2666Mhz CL19 Basic Series
                            

מק""ט: CR48266U



                            ₪99
                        
2

₪198










                                קירור נוזלי COOLER MASTER ML360L ARGB V2 LIQUID COOLER
                            

מק""ט: CLM-L3602



                            ₪319
                        
1

₪319










                                סט גיימינג חוטי Cooler Master MS110 RGB HEB+ENG
                            

מק""ט: CLM-KM3110



                            ₪159
                        
1

₪159










                                מעבד INTEL Core i5-11400F Tray 12MB LGA1200 65W NO GPU No FAN
                            

מק""ט: II511400FT



                            ₪530
                        
1

₪530










                                כ.מסך Gigabyte RTX 3060 12GB EAGLE OC 2.0 PCIE4.0 LHR
                            

מק""ט: GVN30601216



                            ₪1,470
                        
1

₪1,470










                                מתאם Cooler Master LGA1700 adapter MASTER LIQUID Series
                            

מק""ט: CLM-B175870



                            ₪0
                        
1

₪19










                                לוח דור 11 Gigabyte H510M S2H V2 1.3 LGA1200 PCIE 4.0 DVI DP HDMI
                            

מק""ט: 95H51008



                            ₪265
                        
1

₪265










                                Solid F270M FHD VA 5ms VGA HDMI Speakers SuperSlim Frameless Blac
                            

מק""ט: SLM-F270M



                            ₪399
                        
1

₪399"
27,108946,15/08/22 22:17,"קירור נוזלי כפול Cooler Master ML240 Illusion 240mm RGB
                            

מק""ט: CLM-L2440



                            ₪329
                        
1

₪329"
28,108950,15/08/22 22:49,"רמקולים GENIUS SP-Q180 USB פס אפור
                            

מק""ט: US-380



                            ₪29
                        
1

₪29"
32,112682,14/09/22 13:14,"עכבר LENOVO 530 Wireless Mouse Platinum Grey
                            

מק""ט: LN-530-84



                            ₪39
                        
2

₪78










                                חלקים SOLID 500W H510M H I5-11400 T200 8GB 2666MHZ 500NVME
                            

מק""ט: MC-115110



                            ₪1,250
                        
1

₪1,250"
38,114325,01/10/22 19:29,"לוח אם GIGABYTE B550 AORUS ELITE AX V2 RGB
                            

מק""ט: 95B55037



                            ₪555
                        
1

₪555










                                קירור נוזלי כפול ANTEC VORTEX 240 ARGB include Controller
                            

מק""ט: AN3-V2400



                            ₪299
                        
1

₪299"
42,115216,11/10/22 20:16,"כרטיס רשת אלחוטי TPLINK TL-WN722N USB
                            

מק""ט: 916032



                            ₪42
                        
4

₪168










                                חלקי מחשב בנדל Sama+500W H410M S2H i3-10105 A30 8GB 500NVME
                            

מק""ט: MC-1010550



                            ₪1,009
                        
1

₪1,009"
45,116216,23/10/22 00:41,"עכבר  Genius NX-7000 Black
                            

מק""ט: US-240



                            ₪28
                        
5

₪140










                                כבל HDMI 1.8M
                            

מק""ט: 29081



                            ₪9
                        
5

₪45










                                מתאם USB ל 2 - PS2
                            

מק""ט: 29090



                            ₪1
                        
5

₪5










                                צורב פנימי RW Bulk -/+LITEON 5.25 SATA III X24 DVD
                            

מק""ט: 22201



                            ₪51
                        
1

₪51










                                באנדל חלקים ATX CASE 500W H410M H V3 i3-10105BOX 8GB 240 NVME
                            

מק""ט: MC-1010520



                            ₪950
                        
1

₪950"
47,116379,23/10/22 14:42,"סט אלחוטי שחור 3 שפות Lenovo 510 Wireless Set Heb/Eng/Russian
                            

מק""ט: LN-KM510BR



                            ₪89
                        
1

₪89"
50,117586,31/10/22 12:57,"קירור נוזלי כפול Antec SYMPHONY 240 ARGB115X/1200/1700/2066/AM4
                            

מק""ט: AN3-SYM2401



                            ₪289
                        
1

₪289"
54,118078,03/11/22 15:47,"כרטיס מסך Gigabyte RTX3060Ti Gaming OC 8GB 2.0 256Bit Pcie 4.0
                            

מק""ט: GVN306T835



                            ₪1,899
                        
1

₪1,899"
56,118157,05/11/22 17:22,"מארז ANTEC DF600 Flux ARGB FANS
                            

מק""ט: AN1-DF600F



                            ₪275
                        
1

₪275










                                חלקי מחשב בנדל Sama+500W H410M S2H i3-10105 A30 8GB 500NVME
                            

מק""ט: MC-1010550



                            ₪1,009
                        
1

₪1,009"
64,118817,09/11/22 07:33,"חלקי מחשב בנדל Sama+500W H410M S2H i3-10105 A30 8GB 500NVME
                            

מק""ט: MC-1010550



                            ₪1,009
                        
1

₪1,009"
66,118858,09/11/22 11:03,"ז.  נייד SANDISK Cruser Glide SDCZ600 256G USB 3
                            

מק""ט: SDCZ600-256



                            ₪85
                        
2

₪170"
68,118864,09/11/22 11:33,"דיסק פנימי 2.5 Kingston A400 480GB SSD 3D NAND
                            

מק""ט: KING-SSD480A4



                            ₪129
                        
1

₪129"
73,120187,17/11/22 13:30,"דיסק פנימי 2.5 Kingston A400 480GB SSD 3D NAND
                            

מק""ט: KING-SSD480A4



                            ₪129
                        
2

₪258"
76,120510,20/11/22 20:12,"מפצל 4 PORT USB 3.0 פסיבי
                            

מק""ט: USB34P



                            ₪39
                        
1

₪39










                                כבל מ-Display Port ל-HDMI P1080 חד כיווני 1.8 מ'
                            

מק""ט: 29207



                            ₪15
                        
2

₪30










                                Solid F270M FHD VA 5ms VGA HDMI Speakers SuperSlim Frameless Blac
                            

מק""ט: SLM-F270M



                            ₪399
                        
1

₪399










                                כבל מאריך USB3 3M
                            

מק""ט: 29263



                            ₪17
                        
2

₪34










                                מסך Solid H2390 FHD IPS 5Ms VGA HDMI Speakers 75Hz Black
                            

מק""ט: SLM-H2390P



                            ₪319
                        
1

₪319"
80,120728,21/11/22 22:48,"דיסק קשיח פנימי Seagate Barracuda 2TB 3.5 7200 RPM 256MB cache
                            

מק""ט: ST-HD2001



                            ₪199
                        
1

₪199










                                באנדל מורכב ATX CASE 500W H410M H V3 i3-10105 BOX 8GB 240NVME
                            

מק""ט: MC-1010520H



                            ₪985
                        
1

₪985"
90,125300,16/12/22 22:40,"עכבר  Genius NX-7000 Black
                            

מק""ט: US-240



                            ₪28
                        
5

₪140










                                מתאם USB ל 2 - PS2
                            

מק""ט: 29090



                            ₪1
                        
5

₪5










                                ספק כח למחשב נייח SOLID 500W 12CM
                            

מק""ט: CCPS512



                            ₪49
                        
3

₪147










                                קירור נוזלי Cooler Master ML240L ARGB MASTER LIQUID V2
                            

מק""ט: CLM-L2424



                            ₪269
                        
1

₪269










                                כרטיס מסך GIGABYTE GeForce GTX 1660 SUPER 6GB GDDR6 192bit
                            

מק""ט: GVN166507



                            ₪950
                        
1

₪950










                                נייד DELL Vostro 3510 i5-1135G7 8GB 256GB NVME 15.6 FHD DOS 3YOS
                            

מק""ט: DLN-3510-6002



                            ₪1,599
                        
1

₪1,599










                                נייח MB311L 600W GOLD B660M G I5-12400 H412R 16GB 1TB NVME Gen4
                            

מק""ט: CS-125660



                            ₪1,850
                        
1

₪1,850"
99,127453,01/01/23 11:40,"כרטיס מסך GIGABYTE GeForce GTX 1660 SUPER 6GB GDDR6 192bit
                            

מק""ט: GVN166507



                            ₪950
                        
1

₪950










                                נייח MB311L 600W GOLD B660M G I5-12400 H412R 16GB 1TB NVME Gen4
                            

מק""ט: CS-125660



                            ₪1,850
                        
1

₪1,850










                                נייד GIGABYTE G5 ME i5-12500H 16GB 512Nvme Gen4 3050Ti FHD 144Hz
                            

מק""ט: GBN-G5-51213



                            ₪2,999
                        
1

₪2,999"
100,127968,03/01/23 17:58,"כרטיס רשת אלחוטי TPLINK TL-WN821N
                            

מק""ט: 916031



                            ₪36
                        
2

₪72










                                כבל VGA 1.8M
                            

מק""ט: 29102



                            ₪11
                        
3

₪33










                                ספק כח למחשב נייח SOLID 500W 12CM
                            

מק""ט: CCPS512



                            ₪49
                        
3

₪147"
101,128133,04/01/23 21:12,"דיסק פנימי SEAGATE BARRACUDA ST4000DM004 4TB 3.5 SATA
                            

מק""ט: ST-HD4000



                            ₪289
                        
1

₪289










                                באנדל מורכב ATX CASE 500W H510M-S2H V2 i5-11400 16GB 500NVME
                            

מק""ט: MC-115116H



                            ₪1,270
                        
1

₪1,270"
102,128317,07/01/23 20:41,"נייד Dell Inspiron i3-1115G4 8GB 256NVME FHD DOS 15.6 3 YOS
                            

מק""ט: DLN-3511-3003



                            ₪1,299
                        
2

₪2,598"
103,129544,16/01/23 12:13,"דיסק פנימי  GIGABYTE SSD 120GB SATA3 2.5
                            

מק""ט: 94SSD1200



                            ₪49
                        
2

₪98










                                רמקולים למחשב USB powered White  Creative Pebble
                            

מק""ט: 18049W



                            ₪77
                        
1

₪77"
110,131280,29/01/23 11:40,"באנדל חלקים SOLID/SAMA 500W H410M S2H i5-10400 i70 8GB 500GB NVME
                            

מק""ט: MC-1040020



                            ₪1,019
                        
1

₪1,019










                                כרטיס מסך Gigabyte GT 730 2GB 3.0 VGA DVI HDMI
                            

מק""ט: GVN7327



                            ₪259
                        
1

₪259"
114,132382,06/02/23 12:14,"נייד Dell Inspiron i3-1115G4 8GB 256NVME FHD DOS 15.6 3 YOS
                            

מק""ט: DLN-3511-3003



                            ₪1,370
                        
1

₪1,370"
115,132675,07/02/23 23:54,"באנדל מורכב ATX CASE 500W H510M-S2H V2 i5-11400 16GB 500NVME
                            

מק""ט: MC-115116H



                            ₪1,239
                        
1

₪1,239"
117,133476,14/02/23 13:37,"כבל HDMI 2.0M 4K
                            

מק""ט: 29081K



                            ₪12
                        
5

₪60










                                עכבר Genius NX-7000 White
                            

מק""ט: US-241



                            ₪28
                        
2

₪56










                                כרטיס מסך Gigabyte GT 730 2GB 3.0 VGA DVI HDMI
                            

מק""ט: GVN7327



                            ₪259
                        
1

₪259










                                באנדל חלקים Solid1700 500w psu H410M H i3-10100 i50 8GB 500NVME
                            

מק""ט: MC-1010333



                            ₪899
                        
1

₪899"
121,133929,19/02/23 10:48,"עכבר  Genius NX-7000 Black
                            

מק""ט: US-240



                            ₪28
                        
3

₪84










                                דיסק SanDisk SSD 480GB SATA III PLUS
                            

מק""ט: SSD-SN-410481



                            ₪99
                        
1

₪99










                                רמקולים SP-Q180 USB פס כחול 2X3W
                            

מק""ט: US-384



                            ₪29
                        
1

₪29"
122,134088,19/02/23 22:05,"כרטיס מסך Gigabyte GT 730 2GB 3.0 VGA DVI HDMI
                            

מק""ט: GVN7327



                            ₪259
                        
1

₪259










                                באנדל מורכב ATX CASE 500W H510M-S2H V2 i5-11400 16GB 500NVME
                            

מק""ט: MC-115116H



                            ₪1,239
                        
1

₪1,239"
126,134887,26/02/23 12:07,"כרטיס מסך Gigabyte GT 730 2GB 3.0 VGA DVI HDMI
                            

מק""ט: GVN7327



                            ₪259
                        
1

₪259










                                באנדל חלקים ATX CASE 500W H510M-S2H V2 i5-11400 16GB 500NVME
                            

מק""ט: MC-115116



                            ₪1,189
                        
1

₪1,189"
129,135050,27/02/23 12:58,"מסך Solid G2145 VA FHD VA 7ms Vga Hdmi Speakers Frameless
                            

מק""ט: SLM-F2145



                            ₪249
                        
1

₪249"
136,136183,08/03/23 21:27,"מפצל 4 PORT USB 2.0 פסיבי
                            

מק""ט: USB4P



                            ₪19
                        
3

₪57










                                צורב פנימי RW Bulk -/+LITEON 5.25 SATA III X24 DVD
                            

מק""ט: 22201



                            ₪49
                        
1

₪49










                                סט אלחוטי שחור 3 שפות Lenovo 510 Wireless Set Heb/Eng/Russian
                            

מק""ט: LN-KM510BR



                            ₪89
                        
1

₪89










                                באנדל מורכב ATX CASE 500W H510M H i5-11400 16GB 500NVME
                            

מק""ט: MC-115116H



                            ₪1,239
                        
1

₪1,239










                                Solid F272M FHD IPS 5ms VGA HDMI Speakers SuperSlim Frameless BLK
                            

מק""ט: SLM-F272P



                            ₪399
                        
1

₪399"
137,136349,11/03/23 23:59,"כרטיס מסך Gigabyte GT 730 2GB 3.0 VGA DVI HDMI
                            

מק""ט: GVN7327



                            ₪259
                        
1

₪259










                                באנדל מורכב ATX CASE 500W H510M H i5-11400 16GB 500NVME
                            

מק""ט: MC-115116H



                            ₪1,239
                        
1

₪1,239"
150,139290,04/04/23 21:31,"עכבר  Genius NX-7000 Black
                            

מק""ט: US-240



                            ₪28
                        
5

₪140










                                נתב Cudy X6-IL AX-1800 Wi-Fi 6 Mesh AP/Repeater/Router
                            

מק""ט: CD-X6



                            ₪170
                        
1

₪170"
155,140238,18/04/23 11:38,"באנדל חלקים Solid/SAMA 500W H610M H DDR4 i3-12100 8GB 500NVME
                            

מק""ט: MC-123000



                            ₪1,049
                        
1

₪1,049"
156,140366,18/04/23 17:52,"נייד DELL Vostro 3510 i3-1115G4 8GB 256GB NVME 15.6 FHD DOS 3YOS
                            

מק""ט: DLN-3510-14081



                            ₪1,430
                        
1

₪1,430"
157,141450,29/04/23 22:07,"עכבר  Genius NX-7000 Black
                            

מק""ט: US-240



                            ₪28
                        
2

₪56










                                צורב פנימי RW Bulk -/+LITEON 5.25 SATA III X24 DVD
                            

מק""ט: 22201



                            ₪49
                        
1

₪49










                                סט אלחוטי שחור Lenovo 510 Wireless Set Heb/Eng
                            

מק""ט: LN-KM510B



                            ₪85
                        
1

₪85"
158,141637,30/04/23 19:14,"מסך DELL MONITOR 23.8 FHD IPS 8ms 75Hz HDMI
                            

מק""ט: DLM-S2421H



                            ₪419
                        
1

₪419










                                באנדל חלקים Solid1700 500w psu H410M H i3-10100 i50 8GB 500NVME
                            

מק""ט: MC-1010333



                            ₪899
                        
1

₪899"
159,142257,04/05/23 10:09,"באנדל חלקים Solid1700 500w psu H410M H i3-10100 i50 8GB 500NVME
                            

מק""ט: MC-1010333



                            ₪899
                        
1

₪899"
160,142258,04/05/23 10:14,"באנדל חלקים Solid1700 500w psu H410M H i3-10100 i50 8GB 500NVME
                            

מק""ט: MC-1010333



                            ₪899
                        
1

₪899"
162,143654,15/05/23 17:27,"מארז וספק SOLID 1700 12CM 500W ATX
                            

מק""ט: 931610



                            ₪159
                        
1

₪159










                                מעבד INTEL Core i5-11400 Rocket Lake Tray 12MB LGA1200 65W
                            

מק""ט: II511400T



                            ₪499
                        
1

₪499










                                לוח דור 11/10 Gigabyte H510M H 1.5 Micro-Atx LGA1200 PCIE4.0X16
                            

מק""ט: 95H51000



                            ₪269
                        
1

₪269"
163,144253,21/05/23 13:24,"סט אלחוטי שחור Lenovo 510 Wireless Set Heb/Eng
                            

מק""ט: LN-KM510B



                            ₪85
                        
1

₪85










                                באנדל חלקים Solid1700 500w psu H410M H i3-10100 i50 8GB 500NVME
                            

מק""ט: MC-1010333



                            ₪899
                        
1

₪899










                                מסך Lenovo C27-40 FHD 4ms 75hz VA HDMI VGA
                            

מק""ט: LNM-2740



                            ₪429
                        
1

₪429"
164,145317,30/05/23 20:56,"חלקי מחשב בנדל Sama+500W H410M S2H i3-10105 A30 8GB 500NVME
                            

מק""ט: MC-1010550



                            ₪930
                        
1

₪930"
165,146266,07/06/23 10:44,"רמקולים Logitech Z200 2.0 Multimedia Speakers Black
                            

מק""ט: LOG-200



                            ₪118
                        
1

₪118"
166,146760,11/06/23 15:47,"דיסק לנייח 3.5 Western Digital 8TB Purple 7200RPM 256MB Cache
                            

מק""ט: WD8001PURP



                            ₪740
                        
1

₪740"
167,147927,19/06/23 22:20,"מסך Solid H2380 FHD VA 7Ms VGA HDMI Speakers Vesa Frameless Black
                            

מק""ט: SLM-H2380



                            ₪252
                        
1

₪252"
168,150473,08/07/23 18:16,"מארז וספק SOLID 1700 12CM 500W ATX
                            

מק""ט: 931610



                            ₪159
                        
1

₪159










                                דיסק פנימי SAMSUNG MZ-V7S2T0BW EVO970PLUS 2TB
                            

מק""ט: SSD-V7S2T0BW



                            ₪419
                        
1

₪419










                                נייח מורכב NX201 600W B660M DS3H I5-12400F A400I 16GB 1TB 1650
                            

מק""ט: CG-40232



                            ₪2,170
                        
1

₪2,170"
171,156887,28/08/23 19:33,"שנאי אוניברסלי למחשב נייד EZcool Power Adapter AD-805
                            

מק""ט: 29252



                            ₪89
                        
1

₪89










                                נייד GIGABYTE G5 i5-12500H 32GB 512NVME RTX 4050 WIN11 FHD 144Hz
                            

מק""ט: GBN-G5-2333SH32



                            ₪3,490
                        
1

₪3,490"
173,157133,30/08/23 10:55,"נתב אלחוטי Cudy WR3000 AX3000 WiFi6 Multi Router/Repeater/AP
                            

מק""ט: CD-WR3000



                            ₪213
                        
1

₪213"
174,157925,05/09/23 12:01,"חלקי מחשב בנדל Sama+500W H410M S2H i3-10105 A30 8GB 500NVME
                            

מק""ט: MC-1010550



                            ₪970
                        
1

₪970"
175,158319,08/09/23 16:29,"נייד GIGABYTE G5 i5-12500H 16GB 512NVME RTX 4060 DOS FHD 144Hz
                            

מק""ט: GBN-G5-3313SD



                            ₪3,590
                        
1

₪3,590










                                עכבר אלחוטי Logitech M170 Gray
                            

מק""ט: LOG-170MG



                            ₪35
                        
2

₪70"
176,158544,10/09/23 18:36,"מסך Solid G2145 VA FHD VA 7ms Vga Hdmi Speakers Frameless
                            

מק""ט: SLM-F2145



                            ₪249
                        
1

₪249"
178,159452,18/09/23 19:59,"כבל VGA 1.8M
                            

מק""ט: 29102



                            ₪11
                        
2

₪22










                                חלקי מחשב בנדל Sama+500W H410M S2H i3-10105 A30 8GB 500NVME
                            

מק""ט: MC-1010550



                            ₪999
                        
1

₪999"
179,159659,19/09/23 21:28,"באנדל חלקים SOLID/SAMA 500W H410M S2H i5-10400 A30P 8GB 500GB NVM
                            

מק""ט: MC-1040020



                            ₪1,129
                        
1

₪1,129










                                מחשב מורכב Solid1700 500w psu H410M H i3-10100 i50 8GB 500NVME
                            

מק""ט: MC-1010333H



                            ₪970
                        
1

₪970"
181,160662,30/09/23 22:34,"באנדל חלקים Solid/SAMA 500W H610M H DDR4 i3-12100 8GB 500NVME
                            

מק""ט: MC-123000



                            ₪1,059
                        
1

₪1,059"
183,164055,30/10/23 09:38,"דיסק פנימי 2.5 Kingston A400 480GB SSD 3D NAND
                            

מק""ט: KING-SSD480A4



                            ₪129
                        
2

₪258










                                מודם סלולרי 4G LTE USB Modem
                            

מק""ט: 4GLTE-USB



                            ₪99
                        
1

₪99"
184,164367,31/10/23 18:58,"צורב פנימי RW Bulk -/+LITEON 5.25 SATA III X24 DVD
                            

מק""ט: 22201



                            ₪57
                        
2

₪114










                                חלקי מחשב בנדל SOLID+500W H410M S2H i3-10105 A30P 8GB 500NVME
                            

מק""ט: MC-1010550



                            ₪999
                        
1

₪999"
185,166264,14/11/23 21:46,"זכרון לנייח קיט G.SKILL KIT 16GB 2x8 DDR4 3200Mhz RGB
                            

מק""ט: SK163216GTZR



                            ₪229
                        
1

₪229










                                כרטיס מסך Gigabyte GTX 1650 4GB DDR6 GV-N1656OC-4GD 17CM DVI DP H
                            

מק""ט: GVN16546



                            ₪755
                        
1

₪755










                                ספק כוח לנייח Antec CSK 650W 80Plus Bronze 12CM Silent flat cable
                            

מק""ט: AN2-CSK6500



                            ₪198
                        
1

₪198










                                מעבד אינטל דור 12 INTEL I5-12400 Tray 6CRS 117W LGA1700
                            

מק""ט: II512400T



                            ₪629
                        
1

₪629










                                קירור אוויר למעבד Cooler Master HYPER 212 Black Edition
                            

מק""ט: CLM-F2150



                            ₪149
                        
1

₪149










                                לוח לאינטל דור 12 Gigabyte H610M H DDR4 V2 REV1.0 VGA HDMI
                            

מק""ט: 95H61004



                            ₪339
                        
1

₪339"
186,170549,12/12/23 22:33,"Solid F270M FHD VA 5ms VGA HDMI Speakers SuperSlim Frameless Blac
                            

מק""ט: SLM-F270M



                            ₪339
                        
1

₪339"
187,170656,13/12/23 13:33,"כרטיס רשת אלחוטי TP-LINK ARCHER T2U Nano AC600
                            

מק""ט: 916062



                            ₪59
                        
1

₪59










                                מסך MAG G24IPS 75HZ FHD IPS 5MS Speakers HDMI VGA
                            

מק""ט: MAG-G24IPS



                            ₪310
                        
1

₪310"
188,170951,14/12/23 20:54,"דיסק SAMSUNG EVO870 1TB 2.5 SSD SATA III
                            

מק""ט: SSD-SM87E1T



                            ₪339
                        
1

₪339"
189,171938,21/12/23 09:39,"דיסק פנימי 2.5 Kingston A400 480GB SSD 3D NAND
                            

מק""ט: KING-SSD480A4



                            ₪119
                        
2

₪238










                                מקלדת חוטית Genius KB-118 II USB HEB ENG BLACK
                            

מק""ט: US-118



                            ₪25
                        
1

₪25"
190,172162,23/12/23 21:01,"סט מקלדת ועכבר אל חוטי Microsoft Wireless Desktop 900
                            

מק""ט: 9M901



                            ₪129
                        
1

₪129










                                זכרון לנייח קיט G.SKILL KIT 16GB 2x8 DDR4 3200Mhz RGB
                            

מק""ט: SK163216GTZR



                            ₪209
                        
1

₪209










                                קירור נוזלי Cooler Master ML240L ARGB MASTER LIQUID V2
                            

מק""ט: CLM-L2424



                            ₪285
                        
1

₪285










                                מסך גיימינג Gigabyte G32QC 2K QHD VA 31.5 1ms 165Hz HDR400 Curved
                            

מק""ט: GBM-3202



                            ₪1,199
                        
1

₪1,199










                                ספק כוח לנייח Antec CSK 650W 80Plus Bronze 12CM Silent flat cable
                            

מק""ט: AN2-CSK6500



                            ₪198
                        
1

₪198










                                מעבד אינטל דור 12 INTEL I5-12400 Tray 6CRS 117W LGA1700
                            

מק""ט: II512400T



                            ₪595
                        
1

₪595










                                כרטיס מסך Gigabyte RTX 3050 EAGLE OC 8GB PCIE 4.0
                            

מק""ט: GVN3050805



                            ₪1,029
                        
1

₪1,029










                                דיסק פנימי Kingston NV2 1TB NVME GEN 4.0 4X4 M.2 2280
                            

מק""ט: KSSD-SNV2S1000



                            ₪209
                        
1

₪209










                                מארז ANTEC AX51 Mid-Tower Gaming Case ATX
                            

מק""ט: AN1-AX51



                            ₪169
                        
1

₪169










                                לוח למעבדי אינטל Gigabyte H610M S2H V2 Micro-ATX VGA DVI DP HDMI
                            

מק""ט: 95H61008



                            ₪339
                        
1

₪339










                                עכבר אלחוטי Genius NX-8008S Black
                            

מק""ט: US-8008



                            ₪29
                        
3

₪87"
191,173089,27/12/23 18:24,"קירור נוזלי COOLER MASTER ML360L ARGB V2 LIQUID COOLER
                            

מק""ט: CLM-L3602



                            ₪349
                        
1

₪349










                                מארז ANTEC DF700 FLUX Tempered Glass RGB Mid tower Black Case
                            

מק""ט: AN1-DF700F



                            ₪285
                        
1

₪285










                                ספק כוח ANTEC CSK 750H Semi Modular 750W 80 PLUS Bronze 120MM Fan
                            

מק""ט: AN2-CSK7500



                            ₪229
                        
1

₪229










                                מעבד INTEL I5-13600K Tray 14 cores UP to 5.1GHZ LGA1700 181W TDP
                            

מק""ט: II513600KT



                            ₪1,290
                        
1

₪1,290










                                ז.לנייח Kingston Fury Beast BLACK 32GB 2X16 DDR5 6000Mhz C40 XMP
                            

מק""ט: KF5-326040



                            ₪490
                        
1

₪490










                                כרטיס מסך Gigabyte RTX 4070 Ti 12GB WindForce OC
                            

מק""ט: GVN40701240



                            ₪3,490
                        
1

₪3,490










                                דיסק פנימי Kingston KC3000 2048GB NVME Gen4 7000/7000 R/W
                            

מק""ט: KSSD-KC30200



                            ₪499
                        
1

₪499










                                לוח אם Gigabyte Z790 UD AX 1.2 WIFI 6E PCIE5.0 lan 2.5GbE ATX
                            

מק""ט: 95Z79040-2



                            ₪890
                        
1

₪890"
192,174013,03/01/24 14:08,"מארז וספק SOLID 1700 12CM 500W ATX
                            

מק""ט: 931610



                            ₪159
                        
1

₪159










                                זיכרון לנייח CORSAIR VENEGANCE 2X8 16GB DDR4 3200
                            

מק""ט: 2CMK163216E



                            ₪169
                        
1

₪169










                                מעבד אינטל דור 12 INTEL I5-12400 Tray 6CRS 117W LGA1700
                            

מק""ט: II512400T



                            ₪595
                        
1

₪595










                                לוח למעבדי אינטל Gigabyte H610M S2H V2 Micro-ATX VGA DVI DP HDMI
                            

מק""ט: 95H61008



                            ₪339
                        
1

₪339










                                מאורר למעבד Antec A30 Pro blue led Cpu Cooler TDP UP TO 95W
                            

מק""ט: AN3-A30P



                            ₪39
                        
1

₪39










                                דיסק פנימי Kingston KC3000 1024GB NVME Gen4 7000/6000 R/W
                            

מק""ט: KSSD-KC30100



                            ₪299
                        
1

₪299"
193,175372,13/01/24 14:26,"מארז וספק SOLID 1700 12CM 500W ATX
                            

מק""ט: 931610



                            ₪159
                        
1

₪159










                                ז.לנייח Corsair DDR4 Vengeance LPX 8GB 3200MHZ C16 FOR INTEL XMP
                            

מק""ט: 2CMK832161



                            ₪83
                        
2

₪166










                                מעבד דור 12 Intel i3-12100 Tray no fan up to 4.3Ghz lga 1700
                            

מק""ט: II312100T



                            ₪399
                        
1

₪399










                                דיסק פנימי Kingston NV2 500GB NVME GEN 4.0 4X4 M.2 2280
                            

מק""ט: KSSD-SNV2S500



                            ₪149
                        
1

₪149










                                לוח למעבדי אינטל Gigabyte H610M S2H V2 Micro-ATX VGA DVI DP HDMI
                            

מק""ט: 95H61008



                            ₪339
                        
1

₪339










                                מאורר למעבד Antec A30 Pro blue led Cpu Cooler TDP UP TO 95W
                            

מק""ט: AN3-A30P



                            ₪42
                        
1

₪42"
194,177511,27/01/24 18:24,"ז.לנייח Corsair DDR4 Vengeance LPX 8GB 3200MHZ C16 FOR INTEL XMP
                            

מק""ט: 2CMK832161



                            ₪83
                        
1

₪83










                                באנדל חלקים Solid/SAMA 500W H610M H DDR4 i3-12100 8GB 500NVME
                            

מק""ט: MC-123000



                            ₪1,075
                        
1

₪1,075"
195,177512,27/01/24 18:30,"מסך SAMSUNG Essenial S3 S31C 23.8 FHD 5Ms IPS 75Hz FreeSync VESA
                            

מק""ט: SAML24310



                            ₪385
                        
1

₪385"
196,178444,03/02/24 15:19,"ז.לנייח Corsair DDR4 Vengeance LPX 8GB 3200MHZ C16 FOR INTEL XMP
                            

מק""ט: 2CMK832161



                            ₪83
                        
1

₪83










                                באנדל חלקים Solid/SAMA 500W H610M H DDR4 i3-12100 8GB 500NVME
                            

מק""ט: MC-123000



                            ₪1,075
                        
1

₪1,075"
197,179325,08/02/24 00:06,"ז.לנייח Corsair DDR4 Vengeance LPX 8GB 3200MHZ C16 FOR INTEL XMP
                            

מק""ט: 2CMK832161



                            ₪83
                        
1

₪83










                                באנדל חלקים Solid/SAMA 500W H610M H DDR4 i3-12100 8GB 500NVME
                            

מק""ט: MC-123000



                            ₪1,075
                        
1

₪1,075"
198,179544,11/02/24 09:40,"כבל USB למדפסת 1.8 מטר
                            

מק""ט: 29132



                            ₪8
                        
5

₪40










                                דיסק פנימי SAMSUNG MZ-V7S2T0BW EVO970PLUS 2TB
                            

מק""ט: SSD-V7S2T0BW



                            ₪640
                        
1

₪640










                                קופסא חיצונית לדיסק Gold touch usb3 to M2 SATA
                            

מק""ט: E-USB3-M2



                            ₪54
                        
1

₪54"
199,181511,25/02/24 10:11,"דיסק פנימי Kingston NV2 1TB NVME GEN 4.0 4X4 M.2 2280
                            

מק""ט: KSSD-SNV2S1000



                            ₪249
                        
1

₪249










                                מתאם USB3.2 Type C to M.2 NVMe /M.2 SATA SSD Adapter Maivo
                            

מק""ט: K1696P2



                            ₪92
                        
1

₪92"
201,183120,07/03/24 14:25,"נייד Dell Vostro 3520 15 i3-1215U 8GB 256GB NVME FHD 15.6 DOS 3YW
                            

מק""ט: DLN-3520-14453



                            ₪1,299
                        
1

₪1,299"
202,185570,29/03/24 22:27,"כבל HDMI TO DVI 1.8M
                            

מק""ט: 29087



                            ₪16
                        
2

₪32










                                באנדל חלקים Solid/SAMA 500W H610M H DDR4 i3-12100 8GB 500NVME
                            

מק""ט: MC-123000



                            ₪1,040
                        
1

₪1,040










                                ז. נייד Kingston DataTraveler Exodia M 64GB USB3.2 gen1 BLK/Blue
                            

מק""ט: KU-DTXM6400



                            ₪19
                        
1

₪19










                                עכבר אלחוטי Genius NX-7009 Black
                            

מק""ט: US-7009B



                            ₪29
                        
2

₪58"
203,186349,07/04/24 10:37,"ספק כוח  SAMA 500W 12CM
                            

מק""ט: CCPS-SAMA512



                            ₪49
                        
2

₪98










                                קירור נוזלי Cooler Master ML240L ARGB MASTER LIQUID V2
                            

מק""ט: CLM-L2424



                            ₪285
                        
1

₪285










                                דיסק קשיח SAMSUNG 980 PRO 2TB NVME M.2 SSD GEN4
                            

מק""ט: SSD-SM980P2T



                            ₪690
                        
1

₪690










                                ספק כוח לנייח Antec CSK 650W 80Plus Bronze 12CM Silent flat cable
                            

מק""ט: AN2-CSK6500



                            ₪195
                        
1

₪195










                                מעבד דור 12 INTEL I7-12700K Tray 12 Cores 5Ghz Unlocked NO FAN
                            

מק""ט: II712700KT



                            ₪995
                        
1

₪995










                                מארז ANTEC AX51 Mid-Tower Gaming Case ATX
                            

מק""ט: AN1-AX51



                            ₪175
                        
1

₪175










                                ז.לנייח Kingston Fury Beast BLACK 32GB 2X16 DDR5 6000Mhz C40 XMP
                            

מק""ט: KF5-326040



                            ₪490
                        
1

₪490










                                כרטיס מסך Gigabyte GeForce RTX 3050 6GB Low Profile
                            

מק""ט: GVN3050610



                            ₪799
                        
1

₪799










                                לוח למעבדי אינטל Gigabyte H610M S2H V2 Micro-ATX DDR5
                            

מק""ט: 95H61056



                            ₪329
                        
1

₪329"
205,187107,12/04/24 18:43,"אקסס פוינט TPLink TL-RE200 AC750 Wi-Fi Range Extender
                            

מק""ט: 916094



                            ₪105
                        
1

₪105










                                מסך מחשב Lenovo C24-40 23.8 FHD VA 4ms Vesa black
                            

מק""ט: LNM-2440



                            ₪329
                        
1

₪329"
208,187919,20/04/24 23:13,"באנדל חלקים Solid/SAMA 500W H610M H DDR4 i3-12100 8GB 500NVME
                            

מק""ט: MC-123000



                            ₪1,040
                        
1

₪1,040"
209,188515,30/04/24 18:05,"מסך קעור Gigabyte G27FC A 1Ms 170Hz OC FHD VA 8Bits Speakers
                            

מק""ט: GBM-2726



                            ₪760
                        
1

₪760"
210,188528,30/04/24 22:38,"סט חוטי Genius Smart KM-200 Keyboard and Mouse USB Black
                            

מק""ט: US-200KM



                            ₪33
                        
2

₪66"
211,189032,05/05/24 14:21,"נייד HP 250 G9 i3-1215U 8GB 256NVME DOS FHD 15.6 3Y On Site
                            

מק""ט: HPN-250-31202



                            ₪1,159
                        
1

₪1,159"
212,189219,06/05/24 13:14,"באנדל חלקים Solid/SAMA 500W H610M H DDR4 i3-12100 8GB 500NVME
                            

מק""ט: MC-123000



                            ₪1,040
                        
1

₪1,040"
213,190059,14/05/24 16:20,"דיסק פנימי 2.5 Kingston A400 480GB SSD 3D NAND
                            

מק""ט: KING-SSD480A4



                            ₪139
                        
1

₪139










                                דיסק פנימי  SAMSUNG 980 500GB M.2 2280 PCle 3.0X4 NVME DOS
                            

מק""ט: SSD-V8V500BW



                            ₪229
                        
1

₪229"
214,191015,22/05/24 14:31,"דיסק פנימי 2.5 Kingston A400 480GB SSD 3D NAND
                            

מק""ט: KING-SSD480A4



                            ₪139
                        
1

₪139










                                כ.רשת פנימי לנייח Cudy PE25 2.5Gbits PCI-E Nework Adapter LP
                            

מק""ט: CD-PE25



                            ₪68
                        
1

₪68










                                מתג לא מנוהל Cudy GS105D 5 PORT Gigabit Switch
                            

מק""ט: CD-GS105D



                            ₪37
                        
1

₪37"
215,191682,28/05/24 19:19,"זיכרון לנייח Crucial 8GB DDR4 3200Mhz CL22 1.2V
                            

מק""ט: CR48320



                            ₪79
                        
1

₪79










                                מערכת הפעלה עברית Windows 11 Home Edition 64Bit
                            

מק""ט: WIN1100



                            ₪433
                        
1

₪433










                                ז.לנייח Corsair DDR4 Vengeance LPX 8GB 3200MHZ C16 FOR INTEL XMP
                            

מק""ט: 2CMK832161



                            ₪83
                        
1

₪83










                                באנדל חלקים Solid/SAMA 500W H610M H DDR4 i3-12100 8GB 500NVME
                            

מק""ט: MC-123000



                            ₪1,040
                        
1

₪1,040










                                באנדל חלקים Solid H610M I5-12400 8GB 500NVME
                            

מק""ט: MC-125430



                            ₪1,220
                        
1

₪1,220










                                אל פסק Eaton 5E 700i USB 4 IEC C13 Outlets incl software
                            

מק""ט: ET-5E700U



                            ₪269
                        
1

₪269"
216,191688,28/05/24 20:17,"מסך מחשב Dell SE2722H FHD 75Hz 4-8 Ms VA VGA HDMI 250cd/m2
                            

מק""ט: DLM-SE2722H



                            ₪399
                        
1

₪399"
217,192529,05/06/24 14:10,"קירור נוזלי Cooler Master ML240L ARGB MASTER LIQUID V2
                            

מק""ט: CLM-L2424



                            ₪239
                        
1

₪239










                                מעבד דור i7-12700 Tray 25M Cache up to 4.90 GHZ  12 Intel Core
                            

מק""ט: II712700T



                            ₪970
                        
1

₪970










                                ספק כוח ANTEC CSK 750H Semi Modular 750W 80 PLUS Bronze 120MM Fan
                            

מק""ט: AN2-CSK7500



                            ₪225
                        
1

₪225










                                מארז Antec NX292 Mid Tower up to E-ATX MB 3X120MM RGB SIDE GLASS
                            

מק""ט: AN1-NX292



                            ₪179
                        
1

₪179










                                ז.לנייח Kingston Fury Beast RGB 32GB 2x16GB 6000Mhz DDR5 CL36 KIT
                            

מק""ט: KF5-326036-RAE



                            ₪499
                        
1

₪499










                                לוח לאינטל דור 12-14 Gigabyte H610M H V2 DDR5 VGA HDMI
                            

מק""ט: 95H61052



                            ₪329
                        
1

₪329"
218,192756,08/06/24 15:01,"נייד Dell Vostro 3520 15 i3-1215U 8GB 256GB NVME FHD 15.6 DOS 3YW
                            

מק""ט: DLN-3520-14453



                            ₪1,299
                        
1

₪1,299"
219,193392,16/06/24 11:54,"באנדל חלקים ATX CASE 500W H610M S2H i5-12400 16GB 500NVME
                            

מק""ט: MC-125401



                            ₪1,299
                        
1

₪1,299"
220,193557,17/06/24 11:02,"נייד Dell Vostro 3520 15 i3-1215U 8GB 256GB NVME FHD 15.6 DOS 3YW
                            

מק""ט: DLN-3520-14453



                            ₪1,299
                        
1

₪1,299"
221,193840,18/06/24 22:38,"נייד Dell Vostro 3520 15 i3-1215U 8GB 256GB NVME FHD 15.6 DOS 3YW
                            

מק""ט: DLN-3520-14453



                            ₪1,299
                        
1

₪1,299"
222,196661,12/07/24 19:22,"נייד GIGABYTE G7 i5-12500H 16GB 512NVME RTX4060 DOS 17.3 FHD 144H
                            

מק""ט: GBN-G7-3213SD



                            ₪3,390
                        
1

₪3,390










                                עכבר אלחוטי Genius NX-7009 Black
                            

מק""ט: US-7009B



                            ₪25
                        
1

₪25










                                עכבר אלחוטי NX-7009 White Grey
                            

מק""ט: US-7009WG



                            ₪19
                        
2

₪38"
223,197360,17/07/24 16:17,"ספק כוח מודולרי AORUS P750W 80 PLUS GOLD Modular 13.5 CM FAN
                            

מק""ט: 94P7500



                            ₪329
                        
1

₪329










                                מארז ANTEC P20C Mid TOWER E-ATX GAMING CASE Side Glass TYPE-C 3.2
                            

מק""ט: AN1-P20C



                            ₪290
                        
1

₪290










                                לוח למעבדי אינטל Z790 UD DDR5 ATX LGA1700 DP HDMI TYPE-C Header
                            

מק""ט: 95Z79044



                            ₪719
                        
1

₪719










                                דיסק פנימי Netac NV7000-t 2TB NVME GEN4X4 1.4 7300/6700 2280
                            

מק""ט: NT-NV702004



                            ₪499
                        
1

₪499










                                קירור נוזלי משולש Cooler Master ML360L CORE ARGB
                            

מק""ט: CLM-L3603



                            ₪339
                        
1

₪339










                                מעבד Intel I7-14700 Tray No Fan up to 5.4Ghz 20 cores UHD770
                            

מק""ט: II714700T



                            ₪1,499
                        
1

₪1,499"
224,197361,17/07/24 16:19,"זכרון לנייח Corsair Vengeance DDR5 32GB 5200MHZ 2X16 C40 KIT
                            

מק""ט: CK5-32520040C2



                            ₪389
                        
1

₪389"
225,198271,25/07/24 13:53,"מסך גיימינג Gigabyte M28U 4K UHD 28 SS IPS 1ms 144Hz HDR 8BITS
                            

מק""ט: GBM-2800



                            ₪1,590
                        
2

₪3,180"
226,199703,07/08/24 10:14,"אל פסק Eaton 5E 900i USB 4 IEC C13 Outlets incl software
                            

מק""ט: ET-5E900U



                            ₪325
                        
1

₪325"
227,200987,16/08/24 14:58,"זיכרון לנייח Crucial 8GB DDR4 3200Mhz CL22 1.2V
                            

מק""ט: CR48320



                            ₪69
                        
1

₪69










                                באנדל חלקים Solid/SAMA 500W H610M DDR4 i3-12100 8GB 500NVME
                            

מק""ט: MC-123000



                            ₪1,040
                        
1

₪1,040"
228,200988,16/08/24 15:31,"מצלמת רשת Genius FaceCam 1000X V2 720P HD Webcam with Microphone
                            

מק""ט: US-1000



                            ₪59
                        
1

₪59










                                סט אלחוטי 3 שפות ASUS CW100 KEY+MOUSE HEBREW ENGLISH RUSSIAN
                            

מק""ט: ASKM-CW100R



                            ₪69
                        
1

₪69"
229,201155,18/08/24 15:36,"נייד Dell Vostro 3520 15 i3-1215U 8GB 256GB NVME FHD 15.6 DOS 3YW
                            

מק""ט: DLN-3520-14453



                            ₪1,299
                        
1

₪1,299"
230,201634,21/08/24 11:59,"נייד Dell Vostro 3520 15 i3-1215U 8GB 256GB NVME FHD 15.6 DOS 3YW
                            

מק""ט: DLN-3520-14453



                            ₪1,299
                        
1

₪1,299"
231,201666,21/08/24 13:59,"באנדל חלקים Solid/SAMA 500W H610M DDR4 i3-12100 8GB 500NVME
                            

מק""ט: MC-123000



                            ₪1,040
                        
1

₪1,040"
232,202359,27/08/24 00:10,"כרטיס רשת אלחוטי TPLINK TL-WN722N USB
                            

מק""ט: 916032



                            ₪45
                        
1

₪45










                                מתאם DP to HDMI 0.2m
                            

מק""ט: 29202



                            ₪19
                        
1

₪19










                                מתאם HDMI To VGA With Audio Output Adapter
                            

מק""ט: 29212



                            ₪25
                        
1

₪25










                                רמקולים Genius Q160 GRAY USB
                            

מק""ט: US-161



                            ₪29
                        
1

₪29










                                מתאם USB BLUETOOTH 5.0
                            

מק""ט: USBBT5



                            ₪39
                        
1

₪39










                                באנדל חלקים Solid/SAMA 500W H610M DDR4 i3-12100 8GB 500NVME
                            

מק""ט: MC-123000



                            ₪1,040
                        
1

₪1,040










                                זכרון נייד Kingstone DataTraveler Exodia 256GB USB 3.2
                            

מק""ט: KU-DTXM25602



                            ₪59
                        
1

₪59"
233,202954,31/08/24 13:57,"נייד Dell Vostro 3520 15 i3-1215U 8GB 256GB NVME FHD 15.6 DOS 3YW
                            

מק""ט: DLN-3520-14453



                            ₪1,299
                        
1

₪1,299










                                דיסק קשיח 3.5 לנייח WD 8TB Gold Enterprise 256MB Cache 7200RPM
                            

מק""ט: WD8005FRYZ



                            ₪999
                        
1

₪999"
235,205222,14/09/24 22:49,"דיסק פנימי 2.5 Kingston A400 480GB SSD 3D NAND
                            

מק""ט: KING-SSD480A4



                            ₪129
                        
2

₪258










                                מתאם miniDP to HDMI 0.1m
                            

מק""ט: 29210



                            ₪18
                        
1

₪18










                                כבל מאריך USB3 3M
                            

מק""ט: 29263



                            ₪19
                        
2

₪38










                                נייד Dell Vostro 3520 15 i3-1215U 8GB 256GB NVME FHD 15.6 DOS 3YW
                            

מק""ט: DLN-3520-14453



                            ₪1,299
                        
1

₪1,299"
236,205671,16/09/24 22:21,"מסך מחשב Dell SE2722H FHD 75Hz 4-8 Ms VA VGA HDMI 250cd/m2
                            

מק""ט: DLM-SE2722H



                            ₪419
                        
2

₪838"
237,206846,25/09/24 12:20,"רמקולים למחשב USB powered White  Creative Pebble
                            

מק""ט: 18049W



                            ₪83
                        
2

₪166










                                ספק כוח Cooler Master 800W 80 PLUS GOLD none Modular PSU
                            

מק""ט: CLM-P8000



                            ₪319
                        
1

₪319










                                מעבד דור 12 INTEL I7-12700K Tray 12 Cores 5Ghz Unlocked NO FAN
                            

מק""ט: II712700KT



                            ₪940
                        
1

₪940










                                קירור נוזלי Antec SYMPHONY 360 ARGB 115X/1200/1700/2066/AM4 White
                            

מק""ט: AN3-SYM3606



                            ₪299
                        
1

₪299










                                לוח למעבדי אינטל Z790 UD DDR5 ATX LGA1700 DP HDMI TYPE-C Header
                            

מק""ט: 95Z79044



                            ₪719
                        
1

₪719










                                זכרון לנייח Corsair Vengeance RGB 32GB 2X16GB 5600Ghz C36 White
                            

מק""ט: 2CH5325636WK



                            ₪465
                        
1

₪465










                                מארז ANTEC P20C WHITE Mid-Tower E-ATX Gaming Case 3X120MM FAN
                            

מק""ט: AN1-P20CW



                            ₪249
                        
1

₪249










                                כ.רשת אלחוטי פנימי TP-LINK ARCHER T2E AC600 WiFi Dual Band PCI-E
                            

מק""ט: 916058



                            ₪70
                        
1

₪70










                                כרטיס מסך Gigabyte RTX 4060 Ti AERO OC 8GB
                            

מק""ט: GVN40608025



                            ₪1,760
                        
1

₪1,760










                                קורא כרטיסים Netac Card READER WK14 USB3.0+TYPE-C Msd/SD Black
                            

מק""ט: NT-WK14



                            ₪24
                        
2

₪48










                                מצלמת רשת Genius FaceCam Quiet FHD Plus MIC Black
                            

מק""ט: US-5400



                            ₪96
                        
3

₪288










                                דיסק פנימי Kingston KC3000 2048GB NVME Gen4 7000/7000 R/W
                            

מק""ט: KSSD-KC30200



                            ₪499
                        
1

₪499










                                דיסק קשיח 3.5 לנייח WD 8TB Gold Enterprise 256MB Cache 7200RPM
                            

מק""ט: WD8005FRYZ



                            ₪999
                        
1

₪999"
241,207940,07/10/24 11:28,"דיסק פנימי 2.5 Kingston A400 960GB SSD 3D NAND
                            

מק""ט: KING-SSD960A4



                            ₪199
                        
1

₪199










                                עכבר אלחוטי Genius NX-7009 Black
                            

מק""ט: US-7009B



                            ₪15
                        
10

₪250










                                סט אלחוטי 3 שפות ASUS CW100 KEY+MOUSE HEBREW ENGLISH RUSSIAN
                            

מק""ט: ASKM-CW100R



                            ₪69
                        
1

₪69"
242,208287,09/10/24 00:01,"זיכרון לנייח Crucial 8GB DDR4 3200Mhz CL22 1.2V
                            

מק""ט: CR48320



                            ₪69
                        
1

₪69










                                באנדל חלקים Solid/SAMA 500W H610M DDR4 i3-12100 8GB 500NVME
                            

מק""ט: MC-123000



                            ₪1,040
                        
1

₪1,040"
246,209069,15/10/24 00:47,"קירור נוזלי משולש Antec SYMPHONY 360 ARGB115X/1200/1700/2066/AM4
                            

מק""ט: AN3-SYM3601



                            ₪295
                        
1

₪295










                                מעבד INTEL I7-13700K Tray NO FAN 16 Cores max TDP 253W 5.4Ghz
                            

מק""ט: II713700KT



                            ₪1,330
                        
1

₪1,330










                                דיסק פנימי Samsung 990 PRO 1TB GEN4 up to 7450 read 6900 Write
                            

מק""ט: SSD-SM990P1T



                            ₪399
                        
1

₪399










                                ספק Corsair RM850X SHIFT 80 PLUS Gold Fully Modullar PCIE 5.0
                            

מק""ט: 220-RM85052



                            ₪619
                        
1

₪619










                                מארז ANTEC P20C WHITE Mid-Tower E-ATX Gaming Case 3X120MM FAN
                            

מק""ט: AN1-P20CW



                            ₪249
                        
1

₪249










                                ז. לנייח CORSAIR VENGEANCE RGB 32GB 2x16GB DDR5 6000MHz C36
                            

מק""ט: 2CH53260361



                            ₪444
                        
1

₪444










                                לוח Gigabyte Z790 AORUS ELITE AX-W DDR5 WIFI 6E BT ATX
                            

מק""ט: 95Z79036



                            ₪930
                        
1

₪930"
247,209372,20/10/24 10:25,"נייד Dell Vostro 3520 15 i5-1235U 8GB 256GB NVME FHD 15.6 DOS 3YW
                            

מק""ט: DLN-3520-14686



                            ₪1,499
                        
1

₪1,499










                                כרטיס מסך Gigabyte GeForce RTX 4070 Windforce OC V2 12GB
                            

מק""ט: GVN4070021



                            ₪2,099
                        
1

₪2,099"
248,209771,22/10/24 10:13,"ספק כוח Corsair AX1600i 80 plus Titanium Modular 1600W 14CM
                            

מק""ט: 220-AX1600I



                            ₪1,690
                        
1

₪1,690










                                כרטיס מסך Gigabyte Nvidia RTX 4090 Gaming OC 24GB PCIE4.0
                            

מק""ט: GVN40902401



                            ₪7,300
                        
1

₪7,300










                                לוח Gigabyte Z790 AORUS MASTER PCIE 5.0 10GB Lan WIFI 6E
                            

מק""ט: 95Z79050



                            ₪1,790
                        
1

₪1,790










                                קירור נוזלי משולש Corsair H150 RGB 360mm Liquid CPU Cooler
                            

מק""ט: 215-H15054



                            ₪464
                        
1

₪464










                                דיסק פנימי Samsung 990 PRO 2TB GEN4 up to 7450 read 6900 Write
                            

מק""ט: SSD-SM990P2T



                            ₪633
                        
1

₪633










                                מעבד דור 14 Intel I9-14900K tray 24 Cores Max TDP 253W UHD770
                            

מק""ט: II914900KT



                            ₪1,899
                        
1

₪1,899










                                ז.לנייח Corsair Vengeance DDR5 64GB 2X32 5600MHZ C40 kit BLK
                            

מק""ט: 2CK6456004



                            ₪699
                        
2

₪1,398










                                דיסק פנימי AORUS Gen5 NVME 2TB up to 12400/11800 MB/s Read/Write
                            

מק""ט: 94SSD-AG512200



                            ₪999
                        
1

₪999










                                מארז Antec Performance 1 Silent Full Tower E-ATX Case
                            

מק""ט: AN1-PER1-S



                            ₪499
                        
1

₪499"
251,209955,26/10/24 23:18,"זיכרון לנייח Crucial 8GB DDR4 3200Mhz CL22 1.2V
                            

מק""ט: CR48320



                            ₪69
                        
1

₪69










                                באנדל חלקים Solid/SAMA 500W H610M DDR4 i3-12100 8GB 500NVME
                            

מק""ט: MC-123000



                            ₪1,040
                        
1

₪1,040










                                דיסק פנימי Kingston NV2 1TB NVME GEN 4.0 4X4 M.2 2280
                            

מק""ט: KSSD-SNV2S1000



                            ₪209
                        
1

₪209










                                דיסק פנימי WD Red Plus NAS 2TB HDD 5400RPM 256MB Cache SATA III
                            

מק""ט: WD20EFPX



                            ₪399
                        
1

₪399"
253,210453,28/10/24 23:20,"דיסק קשיח פנימי לנייח WD 1TB Blue 7200rpm 64MB 3.5
                            

מק""ט: WD10EZEX



                            ₪219
                        
1

₪219










                                באנדל חלקים ATX CASE 500W H610M S2H i5-12400 16GB 500NVME
                            

מק""ט: MC-125401



                            ₪1,199
                        
1

₪1,199










                                מתאם רשת אלחטית וEZcool 600Mbps Dual Band USB WIFI Adapter -BT+
                            

מק""ט: 29235



                            ₪50
                        
2

₪100"
254,210595,29/10/24 14:10,"באנדל חלקים Solid/SAMA 500W H610M DDR4 i3-12100 8GB 500NVME
                            

מק""ט: MC-123000



                            ₪1,040
                        
1

₪1,040"
255,210781,30/10/24 14:04,"נייד ASUS VivoBook 14 i5-1235U 16GB 512NVME Intel UHD FHD DOS
                            

מק""ט: ASN-1404-601



                            ₪1,599
                        
1

₪1,599"
256,211038,02/11/24 21:14,"דיסק SanDisk SSD 480GB SATA III PLUS
                            

מק""ט: SSD-SN-410481



                            ₪109
                        
2

₪218










                                נייד ASUS VivoBook 14 i5-1235U 16GB 512NVME Intel UHD FHD DOS
                            

מק""ט: ASN-1404-601



                            ₪1,599
                        
1

₪1,599"
258,215077,25/11/24 20:07,"Solid F272P1 FHD IPS 5ms VGA HDMI Speakers 100HZ Frameless BLK
                            

מק""ט: SLM-F272P1



                            ₪359
                        
1

₪359"
259,216899,08/12/24 01:38,"צורב חיצוני LITE-ON ES1 USB
                            

מק""ט: 22212



                            ₪99
                        
1

₪99










                                מתאם רשת אלחטית וEZcool 600Mbps Dual Band USB WIFI Adapter -BT+
                            

מק""ט: 29235



                            ₪50
                        
2

₪100










                                עכבר אלחוטי Genius NX-7009 Black
                            

מק""ט: US-7009B



                            ₪15
                        
10

₪250










                                מצלמת רשת Genius FaceCam Quiet FHD Plus MIC Black
                            

מק""ט: US-5400



                            ₪75
                        
2

₪150










                                אל פסק Eaton 5E 700i USB 4 IEC C13 Outlets incl software
                            

מק""ט: ET-5E700U



                            ₪275
                        
1

₪275"
260,217414,10/12/24 11:44,"נ. HP250R G9 I3-1315U 8GB 512NVME FHD 15.6 3YOS DOS Dark Silver
                            

מק""ט: HPN-250-A37RQET



                            ₪1,230
                        
1

₪1,230"
261,217991,14/12/24 22:59,"כבל USB למדפסת 1.8 מטר
                            

מק""ט: 29132



                            ₪8
                        
2

₪16










                                סט אלחוטי 3 שפות ASUS CW100 KEY+MOUSE HEBREW ENGLISH RUSSIAN
                            

מק""ט: ASKM-CW100R



                            ₪69
                        
2

₪138










                                נ. HP250R G9 I3-1315U 8GB 512NVME FHD 15.6 3YOS DOS Dark Silver
                            

מק""ט: HPN-250-A37RQET



                            ₪1,230
                        
1

₪1,230"
262,218710,18/12/24 10:29,"נייח Lenovo Tiney Neo 50Q i3-1215U 8GB 512NVME KEYBOARD MOUSE DOS
                            

מק""ט: LND-50Q-4UIV



                            ₪1,199
                        
1

₪1,199"
263,218979,19/12/24 14:41,"זכרון לנייח Corsair Vengeance DDR5 32GB 5200MHZ 2X16 C40 KIT
                            

מק""ט: CK5-32520040C2



                            ₪339
                        
1

₪339










                                מעבד דור i7-12700 Tray 25M Cache up to 4.90 GHZ  12 Intel Core
                            

מק""ט: II712700T



                            ₪870
                        
1

₪870










                                ספק כוח ANTEC CSK 750H Semi Modular 750W 80 PLUS Bronze 120MM Fan
                            

מק""ט: AN2-CSK7500



                            ₪225
                        
1

₪225










                                לוח Gigabyte B760M DS3H AX DDR5 Micro-ATX WIFI6 LGA1700
                            

מק""ט: 95B760520



                            ₪530
                        
1

₪530










                                דיסק פנימי Samsung 990 EVO 1TB PCIE4.0X4/5.0X2 NVME gen 4/5
                            

מק""ט: SSD-SM-V9100



                            ₪299
                        
1

₪299










                                ק.נוזלי Cooler Maste MASTERLIQUID 240L CORE ARGB Black
                            

מק""ט: CLM-L2426



                            ₪229
                        
1

₪229










                                מארז Antec NX292 ARGB Mid Tower E-ATX MB 3X120MM ARGB SIDE GLASS
                            

מק""ט: AN1-NX292-A



                            ₪199
                        
1

₪199"
264,219068,21/12/24 22:38,"דיסק חיצוני 2.5 Western Digital Elements 1TB
                            

מק""ט: WD-E1000



                            ₪229
                        
1

₪229










                                צורב פנימי RW Bulk -/+LITEON 5.25 SATA III X24 DVD
                            

מק""ט: 22201



                            ₪57
                        
1

₪57










                                באנדל חלקים Solid/SAMA 500W H610M DDR4 i3-12100 8GB 500NVME
                            

מק""ט: MC-123000



                            ₪1,040
                        
1

₪1,040










                                דיסק SanDisk SSD PLUS SATA III 1TB up to 535 MBps
                            

מק""ט: SSD-SN-4101T01



                            ₪199
                        
1

₪199










                                סט אלחוטי 3 שפות ASUS CW100 KEY+MOUSE HEBREW ENGLISH RUSSIAN
                            

מק""ט: ASKM-CW100R



                            ₪69
                        
2

₪138"
265,219150,22/12/24 12:08,"באנדל חלקים Solid/SAMA 500W H610M DDR4 i3-12100 8GB 500NVME
                            

מק""ט: MC-123000



                            ₪1,040
                        
1

₪1,040"
266,219358,23/12/24 10:38,"מארז שחור כולל ספק כוח SAMA CA-505 ATX Mid Tower Psu 500W USB3
                            

מק""ט: 931640



                            ₪159
                        
1

₪159"
267,220127,28/12/24 23:40,"נייח Lenovo Tiney Neo 50Q i3-1215U 8GB 512NVME KEYBOARD MOUSE DOS
                            

מק""ט: LND-50Q-4UIV



                            ₪1,199
                        
1

₪1,199"
268,220443,30/12/24 12:19,"דיסק פנימי Kingston NV3 1TB NVME GEN 4.0 M.2 2280 6000/4000Mb/s
                            

מק""ט: KSSD-SNV3S1000



                            ₪199
                        
1

₪199"
269,221570,07/01/25 21:23,"זכרון למחשב נייח Kingston DDR4 8GB 3200MHZ CL22
                            

מק""ט: 244832



                            ₪59
                        
1

₪59










                                כבל מ-Display Port ל-HDMI P1080 חד כיווני 1.8 מ'
                            

מק""ט: 29207



                            ₪18
                        
3

₪54










                                דיסק פנימי Kingston KC3000 2048GB NVME Gen4 7000/7000 R/W
                            

מק""ט: KSSD-KC30200



                            ₪530
                        
1

₪530










                                באנדל חלקים SAMA 500W H610M i3-14100 8GB 500GB
                            

מק""ט: MC-143001



                            ₪1,080
                        
1

₪1,080"
270,222038,12/01/25 11:27,"זכרון למחשב נייח Kingston DDR4 8GB 3200MHZ CL22
                            

מק""ט: 244832



                            ₪59
                        
1

₪59










                                באנדל חלקים SAMA 500W H610M i3-14100 8GB 500GB
                            

מק""ט: MC-143001



                            ₪1,080
                        
1

₪1,080"
271,222408,14/01/25 10:36,"ספק כוח  SAMA 500W 12CM
                            

מק""ט: CCPS-SAMA512



                            ₪49
                        
2

₪98










                                נייד ASUS VivoBook 14 i5-1235U 16GB 512NVME Intel UHD FHD DOS
                            

מק""ט: ASN-1404-601



                            ₪1,599
                        
1

₪1,599"
272,222562,14/01/25 19:35,"רמקולים למחשב Creative Pebble 2.0 Black USB powered Black
                            

מק""ט: 18049BK



                            ₪83
                        
1

₪83










                                זכרון נייד Kingstone DataTraveler Exodia M 128GB USB 3.2
                            

מק""ט: KU-DTXM12801



                            ₪29
                        
1

₪29










                                נייח Lenovo Tiney Neo 50Q i3-1215U 8GB 512NVME KEYBOARD MOUSE DOS
                            

מק""ט: LND-50Q-4UIV



                            ₪1,199
                        
1

₪1,199










                                מסך קעור CURVED 100HZ VGA HDMI SPEAKERS ""SOLID CF270FW 27
                            

מק""ט: SLM-2731



                            ₪419
                        
1

₪419










                                מסך מחשב Dell SE2725H FHD VA 75Hz 5Ms VGA HDMI 300cd/m2
                            

מק""ט: DLM-SE2725H



                            ₪429
                        
1

₪429"
273,223208,19/01/25 23:22,"נ. HP250R G9 I3-1315U 8GB 512NVME FHD 15.6 3YOS DOS Dark Silver
                            

מק""ט: HPN-250-A37RQET



                            ₪1,230
                        
1

₪1,230"
274,223363,20/01/25 17:06,"מצלמת רשת Genius FaceCam Quiet FHD Plus MIC Black
                            

מק""ט: US-5400



                            ₪65
                        
5

₪375"
275,224838,01/02/25 15:47,"דיסק פנימי Samsung 990 PRO 1TB GEN4 up to 7450 read 6900 Write
                            

מק""ט: SSD-SM990P1T



                            ₪399
                        
1

₪399"
276,225738,07/02/25 22:12,"כרטיס מסך Gigabyte GT 1030 2GB DDR4 DVI HDMI Low Profile
                            

מק""ט: GVN10304



                            ₪299
                        
1

₪299










                                מתאם USB BLUETOOTH 4.0
                            

מק""ט: USBBT4



                            ₪23
                        
1

₪23










                                מארז שחור כולל ספק כוח SAMA CA-505 ATX Mid Tower Psu 500W USB3
                            

מק""ט: 931640



                            ₪149
                        
1

₪149










                                צורב פנימי RW Bulk -/+LITEON 5.25 SATA III X24 DVD
                            

מק""ט: 22201



                            ₪57
                        
1

₪57










                                מאורר למעבד Cooler Master I70C For Intel LGA 1700 Only
                            

מק""ט: CLM-F70C7



                            ₪49
                        
1

₪49










                                לוח לאינטל דור 12-14 Gigabyte H610M H DDR4 V3 REV1.0 VGA HDMI
                            

מק""ט: 95H61000



                            ₪295
                        
1

₪295










                                מעבד דור 14 Intel Core I3 14100 Tray no fan up to 4.7GHZ
                            

מק""ט: II314100T



                            ₪409
                        
1

₪409"
277,226773,15/02/25 23:19,"כבל USB למדפסת 1.8 מטר
                            

מק""ט: 29132



                            ₪8
                        
4

₪32










                                כבל USB למדפסת 5 מטר
                            

מק""ט: 29135



                            ₪10
                        
1

₪10










                                מתאם DP to HDMI 0.2m
                            

מק""ט: 29202



                            ₪19
                        
1

₪19










                                מפצל אקטיבי GOLDTOUCH ACTIVE 4 Ports Ultra-Thin USB 3.0 HUB
                            

מק""ט: USB34AS



                            ₪49
                        
1

₪49










                                מפצל חשמל ל-10 שקעים עם כבל מאריך באורך מטר ומפסק
                            

מק""ט: 294110



                            ₪22
                        
1

₪22










                                באנדל חלקים SAMA 500W H610M i3-14100 8GB 500GB
                            

מק""ט: MC-143001



                            ₪1,070
                        
1

₪1,070"
278,227794,23/02/25 01:31,"דיסק פנימי Netac NV7000-t 2TB NVME GEN4X4 1.4 7300/6700 2280
                            

מק""ט: NT-NV702004



                            ₪444
                        
1

₪444










                                נייד Gigabyte AORUS 16X i9-14900HX 32GB 1+1TB Win11 RTX4070 165Hz
                            

מק""ט: GBN-16X-6565H



                            ₪7,550
                        
1

₪7,550










                                באנדל חלקים SAMA 500W H610M i3-14100 8GB 500GB
                            

מק""ט: MC-143001



                            ₪1,070
                        
1

₪1,070"
279,228307,25/02/25 16:44,"טלוויזיה MAG GTV65D23 65 inch SMART Google OS 4K
                            

מק""ט: MAGTV-65D23



                            ₪1,820
                        
1

₪1,820"
280,229243,05/03/25 00:01,"דיסק פנימי Samsung 990 PRO 1TB GEN4 up to 7450 read 6900 Write
                            

מק""ט: SSD-SM990P1T



                            ₪369
                        
1

₪369"
281,233651,09/04/25 04:16,"סט אלחוטי 3 שפות ASUS CW100 KEY+MOUSE HEBREW ENGLISH RUSSIAN
                            

מק""ט: ASKM-CW100R



                            ₪69
                        
3

₪207"
282,234499,17/04/25 19:08,"כבל HDMI TO DVI 1.8M
                            

מק""ט: 29087



                            ₪16
                        
5

₪80










                                כבל microHDMI TO HDMI 1.8M
                            

מק""ט: 29101



                            ₪15
                        
1

₪15










                                כבל miniHDMI TO HDMI 1.8M
                            

מק""ט: 29110



                            ₪15
                        
1

₪15










                                מתאם miniDP to HDMI 0.1m
                            

מק""ט: 29210



                            ₪18
                        
1

₪18










                                מתאם USB3.1 Type C TO HDMI Female
                            

מק""ט: 29240



                            ₪37
                        
1

₪37










                                Gold Touch USB3.0 to HDMI External Adapter Full HD
                            

מק""ט: E-USB3-HDMI



                            ₪88
                        
1

₪88










                                כבל 1.8 מ miniDP ל- GOLD TOUCH HDMI
                            

מק""ט: 29224



                            ₪17
                        
1

₪17










                                סט חוטי Genius Smart KM-200 Keyboard and Mouse USB Black
                            

מק""ט: US-200KM



                            ₪33
                        
1

₪33










                                נייח Lenovo Tiney Neo 50Q i3-1215U 8GB 512NVME KEYBOARD MOUSE DOS
                            

מק""ט: LND-50Q-4UIV



                            ₪1,199
                        
1

₪1,199"
283,234518,19/04/25 17:23,"דיסק SanDisk SSD 480GB SATA III PLUS
                            

מק""ט: SSD-SN-410481



                            ₪109
                        
2

₪218










                                דיסק קשיח פנימי לנייח WD 4TB Purple 5400rpm 256MB 3.5
                            

מק""ט: WD43PURZ



                            ₪339
                        
1

₪339"
284,236055,03/05/25 21:33,"כבל רשת 10מטר CAT7 P-Cord 10m Gray
                            

מק""ט: N1177



                            ₪24
                        
1

₪24










                                כבל רשת Luggar CAT7 2.0M Gray
                            

מק""ט: N1172



                            ₪9
                        
2

₪18










                                באנדל חלקים SAMA 500W H610M i3-14100 8GB 500GB
                            

מק""ט: MC-143001



                            ₪1,089
                        
1

₪1,089"
285,236097,04/05/25 10:27,"מגשר Cat 6 - 5.0 m
                            

מק""ט: N1067



                            ₪8
                        
3

₪24










                                מגשר Cat 6 - 3.0 m
                            

מק""ט: N1069



                            ₪7
                        
5

₪35"
286,236642,07/05/25 01:30,"נ. HP250R G9 I3-1315U 8GB 512NVME FHD 15.6 3YOS DOS Dark Silver
                            

מק""ט: HPN-250-A37RQET



                            ₪1,269
                        
1

₪1,269"
287,240568,01/06/25 00:17,"מסך Solid H2391P FHD 23.8 IPS 5Ms VGA HDMI frameless 100Hz Black
                            

מק""ט: SLM-H2391P



                            ₪259
                        
1

₪259










                                מתאם רשת אלחוטי CUDY AC650 Wireless Dual-Band Mini USB 2.0
                            

מק""ט: CD-WU650



                            ₪39
                        
2

₪78










                                סט אלחוטי 3 שפות ASUS CW100 KEY+MOUSE HEBREW ENGLISH RUSSIAN
                            

מק""ט: ASKM-CW100R



                            ₪69
                        
2

₪138"
288,240643,03/06/25 09:54,"נ. HP250R G9 I3-1315U 8GB 512NVME FHD 15.6 3YOS DOS Dark Silver
                            

מק""ט: HPN-250-A37RQET



                            ₪1,269
                        
1

₪1,269"
289,242692,18/06/25 22:01,"רמקולים למחשב Creative Pebble 2.0 Black USB powered Black
                            

מק""ט: 18049BK



                            ₪83
                        
1

₪83










                                מסך Dell P2725H FHD IPS Pivot 100Hz 5ms USB 3.2 Hub VGA DP HDMI
                            

מק""ט: DLM-P2725H



                            ₪599
                        
1

₪599"
290,242893,21/06/25 16:54,"דיסק פנימי 2.5 Sandisk Plus SSD 240GB G26 SATA III
                            

מק""ט: SSD-SN-410241



                            ₪69
                        
1

₪69










                                מערכת הפעלה עברית Microsoft Windows 11 Professional 64Bit
                            

מק""ט: WIN1160



                            ₪519
                        
1

₪519"
291,242899,21/06/25 21:31,"זכרון למחשב נייח Kingston DDR4 8GB 3200MHZ CL22
                            

מק""ט: 244832



                            ₪75
                        
1

₪75










                                עכבר אלחוטי Lenovo Thinkpad Essential Wireless Mouse Black
                            

מק""ט: LN-WM-887



                            ₪29
                        
2

₪58










                                באנדל חלקים SAMA 500W H610M i3-14100 8GB 500GB
                            

מק""ט: MC-143001



                            ₪1,049
                        
1

₪1,049"
292,243707,25/06/25 22:05,"נ. HP250R G9 I3-1315U 8GB 512NVME FHD 15.6 3YOS DOS Dark Silver
                            

מק""ט: HPN-250-A37RQET



                            ₪1,199
                        
1

₪1,199










                                דיסק פנימי Seagate BarraCuda 16TB 3.5 7200RPM 512MB Cache
                            

מק""ט: ST16000DM001



                            ₪877
                        
1

₪877"
294,244903,05/07/25 23:59,"קירור נוזלי משולש Antec SYMPHONY 360 ARGB115X/1200/1700/2066/AM4
                            

מק""ט: AN3-SYM3601



                            ₪259
                        
1

₪259










                                לוח לדור 12-14 Gigabyte Z790 AORUS MASTER X 10Gbe Lan WIFI7
                            

מק""ט: 95Z790200



                            ₪1,699
                        
1

₪1,699










                                מעבד דור 14 Intel I9-14900K tray 24 Cores Max TDP 253W UHD770
                            

מק""ט: II914900KT



                            ₪1,699
                        
1

₪1,699










                                זכרון לנייח Corsair Vengeance RGB DDR5 64GB 2X32 6000Mhz C38
                            

מק""ט: 2CH5-64603800



                            ₪740
                        
1

₪740










                                עכבר אלחוטי Lenovo Thinkpad Essential Wireless Mouse Black
                            

מק""ט: LN-WM-887



                            ₪29
                        
2

₪58










                                מארז Antec Flux Pro Black EATX Full Tower X6 Fans Include
                            

מק""ט: AN1-FLUX-01



                            ₪595
                        
1

₪595










                                דיסק פנימי Samsung 9100 PRO 2TB Gen5 M.2 NVME 2.0 14800/13400 RW
                            

מק""ט: SSD-SM9100P2T



                            ₪959
                        
1

₪959










                                ספק כוח Antec HCG1200 PRO 1200W Platinum Full Modular ATX 3.1
                            

מק""ט: AN2-H1200PP



                            ₪699
                        
1

₪699










                                כרטיס מסך Gigabyte GeForce RTX 5090 GAMING OC 32G
                            

מק""ט: GVN50903220



                            ₪9,690
                        
1

₪9,690"
295,245604,09/07/25 10:53,"זכרון לנייח Netac Basic DDR4 8GB 3200Mhz C16 UDIMM
                            

מק""ט: NT-483200



                            ₪95
                        
1

₪95










                                נייח Lenovo Tiney Neo 50Q i3-1215U 8GB 512NVME KEYBOARD MOUSE DOS
                            

מק""ט: LND-50Q-4UIV



                            ₪1,199
                        
1

₪1,199










                                באנדל חלקים SAMA 500W H610M i3-14100 8GB 500GB
                            

מק""ט: MC-143001



                            ₪1,079
                        
1

₪1,079










                                נייד ASUS VivoBook 14 i5-1235U 16GB1TB NVME Intel UHD FHD DOS
                            

מק""ט: ASN-1404-651



                            ₪1,499
                        
1

₪1,499"
296,245634,09/07/25 11:50,"דיסק SanDisk SSD 480GB SATA III PLUS
                            

מק""ט: SSD-SN-410481



                            ₪109
                        
2

₪218"
297,246657,16/07/25 00:16,"מתאם USB BLUETOOTH 5.0
                            

מק""ט: USBBT5



                            ₪39
                        
2

₪78










                                Solid F272P1 FHD IPS 5ms VGA HDMI Speakers 100HZ Frameless BLK
                            

מק""ט: SLM-F272P1



                            ₪349
                        
1

₪349










                                באנדל חלקים SAMA 500W H610M i3-14100 8GB 500GB
                            

מק""ט: MC-143001



                            ₪1,079
                        
1

₪1,079"
298,246925,17/07/25 10:19,"כבל HDMI 2.0M 4K
                            

מק""ט: 29081K



                            ₪12
                        
10

₪120"
299,248050,27/07/25 01:17,"זכרון לנייח Netac Basic DDR4 8GB 3200Mhz C16 UDIMM
                            

מק""ט: NT-483200



                            ₪79
                        
1

₪79










                                סט אלחוטי 3 שפות ASUS CW100 KEY+MOUSE HEBREW ENGLISH RUSSIAN
                            

מק""ט: ASKM-CW100R



                            ₪69
                        
2

₪138










                                באנדל חלקים SAMA 500W H610M i3-14100 8GB 500GB
                            

מק""ט: MC-143001



                            ₪1,079
                        
1

₪1,079"
300,251245,18/08/25 00:34,"כבל USB למדפסת 5 מטר
                            

מק""ט: 29135



                            ₪10
                        
3

₪30










                                דיסק פנימי Samsung 990 PRO 1TB GEN4 up to 7450 read 6900 Write
                            

מק""ט: SSD-SM990P1T



                            ₪419
                        
1

₪419










                                אל פסק שישה שקעים APC BX2200MI 1200W/2200VA
                            

מק""ט: APC-2200



                            ₪750
                        
1

₪750










                                לוח Gigabyte B760M DS3H AX DDR5 Micro-ATX WIFI6 LGA1700
                            

מק""ט: 95B760520



                            ₪499
                        
1

₪499










                                ז. לנייח Corsair VENGEANCE 32GB 2x16 DDR5 5600MHz C40 XMP3.0
                            

מק""ט: 2CK53256401



                            ₪369
                        
1

₪369










                                מעבד Intel I7-14700 Tray No Fan up to 5.4Ghz 20 cores UHD770
                            

מק""ט: II714700T



                            ₪1,099
                        
1

₪1,099










                                קירור למעבד Deep COOL AK620 260W TDP 160mm hight
                            

מק""ט: DC-AK620



                            ₪285
                        
1

₪285










                                סט אלחוטי 3 שפות ASUS CW100 KEY+MOUSE HEBREW ENGLISH RUSSIAN
                            

מק""ט: ASKM-CW100R



                            ₪69
                        
2

₪138










                                כרטיס מסך PNY NVIDIA Quadro A1000 8GB Ray Tracing 4X mini-DP Bulk
                            

מק""ט: PNY-A1000B



                            ₪1,470
                        
1

₪1,470










                                רמקולים Edifier R1280T Brown Retro Look Speakers 42W RMS DUAL RCA
                            

מק""ט: ED-1280BR



                            ₪296
                        
1

₪296










                                ספק Corsair RM650e 80Plus Gold Fully-Modular ATX3.1 PCIE5.1
                            

מק""ט: 220-RM650302



                            ₪299
                        
1

₪299"
301,251324,18/08/25 12:48,"דיסק פנימי 2.5 Kingston A400 480GB SSD 3D NAND
                            

מק""ט: KING-SSD480A4



                            ₪135
                        
1

₪135










                                דיסק פנימי Kingston NV3 500GB NVME GEN 4.0 M.2 2280 5000/3000Mb/s
                            

מק""ט: KSSD-SNV3S500



                            ₪139
                        
1

₪139"
302,251640,20/08/25 02:32,"ספק כוח Cooler Master 800W 80 PLUS GOLD none Modular PSU
                            

מק""ט: CLM-P8000



                            ₪299
                        
1

₪299










                                קירור נוזלי משולש ANTEC VORTEX 360 ARGB include Controller
                            

מק""ט: AN3-V3600



                            ₪275
                        
1

₪275










                                מארז Antec AX90 Mid Tower Gaming Case 4X120MM ARGB FANS
                            

מק""ט: AN1-AX90



                            ₪219
                        
1

₪219"
303,252302,25/08/25 09:40,"כבל מתח לאל פסק
                            

מק""ט: 29023



                            ₪10
                        
3

₪30










                                כבל 1.8 מ DP-ל miniDP
                            

מק""ט: 29222



                            ₪18
                        
4

₪72










                                מפצל שני שקעים מיציאת אל פסק (קומקום נקבה)
                            

מק""ט: 29460



                            ₪24
                        
2

₪48"
304,257309,04/10/25 23:07,"כבל מ-Display Port ל-HDMI P1080 חד כיווני 1.8 מ'
                            

מק""ט: 29207



                            ₪18
                        
5

₪90










                                עכבר אלחוטי ארגונומי ASUS WT300 2.4GHZ Black-Red
                            

מק""ט: ASMP-300R



                            ₪19
                        
20

₪640










                                דיסק פנימי Seagate BarraCuda 8GB 3.5 5400RPM 256MB Cache
                            

מק""ט: ST8000DM004



                            ₪535
                        
1

₪535










                                נייד HP NoteBook 15 i5-1235U 16GB 512NVME 15.6 FHD WHITE 1YOS
                            

מק""ט: HPN-15-FD0087



                            ₪1,350
                        
1

₪1,350"
305,257935,11/10/25 15:32,"דיסק חיצוני 2.5 Western Digital Elements 2TB
                            

מק""ט: WD-E2000



                            ₪269
                        
1

₪269"
306,259642,23/10/25 11:35,"מפצל חשמל ל4 כולל כבל מאריך באורך 3 מטרים כולל מפסק מואר
                            

מק""ט: 29434



                            ₪24
                        
2

₪48










                                רמקולים Logitech S150 USB Stereo Speakers
                            

מק""ט: LOG-S150



                            ₪54
                        
2

₪108










                                דיסק פנימי Western Digital BLUE SA510 500GB SATA III 2.5 inch
                            

מק""ט: WDS500GS



                            ₪139
                        
1

₪139"
308,259787,26/10/25 01:01,"מסך Dell SE2425HM 23.8 IPS FHD 100Hz 5Ms VGA HDMI
                            

מק""ט: DLM-SE2425HM



                            ₪299
                        
1

₪299"
309,260794,01/11/25 20:52,"כבל HDMI 1.8M
                            

מק""ט: 29081



                            ₪9
                        
7

₪63










                                מסך חכם SAMSUNG S32 VA 4Ms FHD WIFI BT Tizen Os Speakers White
                            

מק""ט: SAML32501EM



                            ₪960
                        
1

₪960"
310,263358,17/11/25 22:03,"דיסק פנימי WD Blue SN5000 NVMe SSD 1TB PCIe Gen4X4 2280
                            

מק""ט: WDS-SN500-1000



                            ₪275
                        
1

₪275










                                מסך Dell SE2425HM 23.8 IPS FHD 100Hz 5Ms VGA HDMI
                            

מק""ט: DLM-SE2425HM



                            ₪299
                        
1

₪299"
311,263594,18/11/25 20:59,"ספק  Corsair RM1000X ATX3.1 Fully modular 80Plus Gold Black
                            

מק""ט: 220-RM1000X31271



                            ₪675
                        
1

₪675"
312,263595,18/11/25 21:02,"כרטיס מסך AORUS GeForce RTX 5080 MASTER 16G
                            

מק""ט: GVN50801660



                            ₪4,999
                        
1

₪4,999"
313,263894,20/11/25 11:41,"מארז Corsair 6500X Mid-Tower E-ATX Tempered Glass Case Black
                            

מק""ט: 210-9011257



                            ₪599
                        
1

₪599










                                דיסק פנימי Western Digital Green 1TB SATA III 2.5 545MB/s
                            

מק""ט: WDS1000G5



                            ₪299
                        
1

₪299"
314,264057,22/11/25 15:32,"מארז CORSAIR iCUE 7000X RGB Tempered Glass Full-Tower ATX BLACK
                            

מק""ט: 210-7000226



                            ₪995
                        
1

₪995"
316,265085,29/11/25 22:55,"כבל HDMI 1.8M
                            

מק""ט: 29081



                            ₪9
                        
10

₪90










                                מתאם VGA to HDMI Converter With Audio USB-power
                            

מק""ט: 29221



                            ₪43
                        
2

₪86










                                ספק כוח  SAMA 500W 12CM
                            

מק""ט: CCPS-SAMA512



                            ₪49
                        
3

₪147










                                דיסק SAMSUNG EVO870 1TB 2.5 SSD SATA III
                            

מק""ט: SSD-SM87E1T



                            ₪359
                        
1

₪359"
318,267834,10/12/25 12:07,"מסך Dell SE2425HM 23.8 IPS FHD 100Hz 5Ms VGA HDMI
                            

מק""ט: DLM-SE2425HM



                            ₪299
                        
1

₪299"
319,268974,17/12/25 21:28,"ספק כוח Antec NeoEco 850W Gold fully Modular120mm Silent Fan
                            

מק""ט: AN2-NE850GM



                            ₪339
                        
1

₪339










                                מעבד דור 14 Intel I7-14700K Tray 20 cores UHD770 LGA1700
                            

מק""ט: II714700KT



                            ₪1,299
                        
1

₪1,299










                                זכרון לנייח Corsair Vengeance RGB DDR5 32GB 2X16 6000Mhz C38
                            

מק""ט: 2CH5-32603800



                            ₪1,350
                        
1

₪1,350










                                לוח אינטל דורות 12-14 Gigabyte B760M GAMING X AX 1.2 DDR5 Wifi BT
                            

מק""ט: 95B760535



                            ₪529
                        
1

₪529










                                מארז Antec CX300 ARGB Black Mid-Tower 4x120mm Fan Include
                            

מק""ט: AN1-CX300ARB



                            ₪189
                        
1

₪189










                                דיסק פנימי Samsung 990 EVO PLUS 1TB up to 7250 Read 6300 Write
                            

מק""ט: SSD-SM-V9S111



                            ₪439
                        
1

₪439










                                קירור נוזלי משולש Gigabyte Gaming 360 3XARGB 120MM Fan Black
                            

מק""ט: 94LCG360



                            ₪319
                        
1

₪319"
320,268975,17/12/25 21:30,"כרטיס מסך Gigabyte RTX 5060 Ti WindForce 2 OC 16GB
                            

מק""ט: GVN506T-1610



                            ₪1,690
                        
1

₪1,690"
323,269142,20/12/25 20:12,"דיסק חיצוני 2.5 Western Digital Elements 2TB
                            

מק""ט: WD-E2000



                            ₪285
                        
1

₪285










                                מפצל חשמל ל4 כולל כבל מאריך באורך 3 מטרים כולל מפסק מואר
                            

מק""ט: 29434



                            ₪24
                        
1

₪24










                                דיסק פנימי GIGABYTE Gen3 2500E SSD NVME 1TB
                            

מק""ט: 94SSD-G325-100



                            ₪369
                        
1

₪369"
327,271894,07/01/26 19:57,"מחשב נייד Dell DC1520 i5-1334U 16GB 512Nvme 15.6 120Hz Ubuntu BlK
                            

מק""ט: DLN-15250-5003



                            ₪1,650
                        
1

₪1,650"
328,273085,17/01/26 21:23,"דיסק פנימי Samsung 990 EVO PLUS 2TB up to 7250 read 6300 Write
                            

מק""ט: SSD-SM-V9S222



                            ₪955
                        
1

₪955"
332,275218,02/02/26 20:41,"לוח Gigabyte Z790 AORUS ELITE AX DDR5 WIFI 6E 2.5GB Lan LGA1700 R
                            

מק""ט: 95Z79020



                            ₪870
                        
1

₪870










                                מעבד דור 14 Intel I7-14700KF Tray 20 cores NO GPU LGA1700
                            

מק""ט: II714700KFT



                            ₪1,149
                        
1

₪1,149










                                דיסק פנימי Samsung 9100 PRO 2TB Gen5 M.2 NVME 2.0 14800/13400 RW
                            

מק""ט: SSD-SM9100P2T



                            ₪1,149
                        
1

₪1,149










                                זכרון לנייח NETAC Shadow II DDR5 6000Mhz 32GB 2x16GB C38 WHITE
                            

מק""ט: NT-532260381



                            ₪1,250
                        
1

₪1,250"
333,275438,04/02/26 12:21,"כבל HDMI 3M 4K
                            

מק""ט: 29082K



                            ₪16
                        
1

₪16










                                מסך GIGABYTE GS32QA 32 Inch QHD 180HZ 1MS SS IPS HDR RDY
                            

מק""ט: GBM-3207



                            ₪799
                        
1

₪799"
335,278483,03/03/26 19:42,"סט אלחוטי 3 שפות ASUS CW100 KEY+MOUSE HEBREW ENGLISH RUSSIAN
                            

מק""ט: ASKM-CW100R



                            ₪59
                        
2

₪118










                                מחשב נייד Lenovo V14 G4 i3-1315U 8GB 256NVME FHD DOS
                            

מק""ט: LNN-V14-07VIV



                            ₪1,099
                        
1

₪1,099










                                מחשב נייח ST10M 500W H610M I3-12100 8GB DDR4 480GB SSD
                            

מק""ט: CS-100



                            ₪1,299
                        
1

₪1,299"
336,279481,11/03/26 12:58,"מחשב נייד Lenovo V14 G4 i3-1315U 8GB 256NVME FHD DOS
                            

מק""ט: LNN-V14-07VIV



                            ₪1,099
                        
1

₪1,099"
337,283262,13/04/26 21:36,"דיסק פנימי Netac SA500 1TB 2.5 Sata III SSD 3D Nand
                            

מק""ט: NT-SA5001000



                            ₪430
                        
1

₪430"
341,284401,23/04/26 21:11,"ספק כוח ANTEC ATOM V750 Active PFC 120MM silent fan non-mudular
                            

מק""ט: AN2-AV7500



                            ₪169
                        
1

₪169










                                כרטיס מסך Gigabyte GeForce RTX 5050 WindForce OC 8GB 2xDP 2xHDMI
                            

מק""ט: GVN5050-801



                            ₪950
                        
1

₪950"
343,285965,05/05/26 19:07,"רמקולים למחשב Creative Pebble 2.0 Black USB powered Black
                            

מק""ט: 18049BK



                            ₪83
                        
2

₪166










                                סט אלחוטי 3 שפות ASUS CW100 KEY+MOUSE HEBREW ENGLISH RUSSIAN
                            

מק""ט: ASKM-CW100R



                            ₪59
                        
3

₪177"
344,286142,06/05/26 23:44,"מארז שקט ANTEC P10 FLUX ATX 5X120mm Fan
                            

מק""ט: AN1-P10F



                            ₪259
                        
1

₪259










                                לוח Gigabyte Z790 AORUS ELITE AX DDR5 WIFI 6E 2.5GB Lan LGA1700 R
                            

מק""ט: 95Z79020



                            ₪870
                        
1

₪870










                                ספק כוח ANTEC ATOM G650 120MM Silent Fan Semi-Modular 80Plus Gold
                            

מק""ט: AN2-AG6500



                            ₪185
                        
1

₪185










                                מעבד דור 14 Intel Core I3 14100 Tray no fan up to 4.7GHZ
                            

מק""ט: II314100T



                            ₪499
                        
1

₪499










                                מאורר למעבד Cooler Master212 Black AirCooler 210W TDP AMD/INTEL
                            

מק""ט: CLM-F2156



                            ₪99
                        
1

₪99










                                זכרון לנייח KINGSTON FURY BEAST DDR5 16GB 6000MHZ CL30 EXPO XMP
                            

מק""ט: KF560C30E1160



                            ₪830
                        
1

₪830










                                דיסק פנימי WD BLUE SN5100 512GB Gen4.0 Up to 6600MB/S Read 2280
                            

מק""ט: WDS-5100-505



                            ₪369
                        
1

₪369"
346,286497,10/05/26 22:50,"דיסק קשיח פנימי לנייח WD 8TB Purple 5400rpm 256MB 3.5 SATA III
                            

מק""ט: WD85PURZ



                            ₪999
                        
1

₪999










                                נייח ST10M 500W H610M I3-14100 8GB 500GB NVME
                            

מק""ט: CS-104



                            ₪1,430
                        
1

₪1,430"
349,288313,25/05/26 20:14,"נייד ASUS Vivobook X Core 5 120U 16GB 1T NVME 17.3 FHD DOS Blue
                            

מק""ט: ASN-1704-977



                            ₪2,150
                        
1

₪2,150"
350,288824,30/05/26 18:31,"נייד ASUS Vivobook X Core 5 120U 16GB 1T NVME 17.3 FHD DOS Blue
                            

מק""ט: ASN-1704-977



                            ₪2,150
                        
1

₪2,150"
352,289463,04/06/26 01:20,"מתאם DP to VGA 0.2m
                            

מק""ט: 29206



                            ₪24
                        
5

₪120










                                מתאם HDMI To VGA With Audio Output Adapter
                            

מק""ט: 29212



                            ₪25
                        
5

₪125










                                נייד Lenovo V14 i5-13420H 16GB 512NVME FHD intel UHD DOS
                            

מק""ט: LNN-V14-6HIV



                            ₪1,799
                        
1

₪1,799"
353,289614,07/06/26 01:10,"זיכרון לנייח CORSAIR VENEGANCE 2X8 16GB DDR4 3200
                            

מק""ט: 2CMK163216E



                            ₪519
                        
1

₪519










                                מעבד אינטל דור 12 INTEL I5-12400 Tray 6CRS 117W LGA1700
                            

מק""ט: II512400T



                            ₪644
                        
1

₪644










                                ספק כוח ANTEC ATOM G650 120MM Silent Fan Semi-Modular 80Plus Gold
                            

מק""ט: AN2-AG6500



                            ₪185
                        
1

₪185










                                לוח לאינטל דור 12-14 Gigabyte H610M H DDR4 V3 REV1.0 VGA HDMI
                            

מק""ט: 95H61000



                            ₪249
                        
1

₪249










                                כרטיס מסך Gigabyte RTX 3050 Windforce 2 OC V2 6GB
                            

מק""ט: GVN3050622



                            ₪699
                        
1

₪699










                                מאורר למעבד Cooler Master Hyper 212 Pro 230W TDP INTEL/AMD RGB
                            

מק""ט: CLM-F2157



                            ₪119
                        
1

₪119










                                דיסק Western Digital 2TB Black SN7100 SSD NVME Gen4 7250/6900
                            

מק""ט: WDS-7100-200



                            ₪899
                        
1

₪899










                                מארז Antec ST10M Micro ATX Case USB3 Black
                            

מק""ט: AN1-ST10M



                            ₪69
                        
1

₪69"
354,294255,12/07/26 12:25,"דיסק חיצוני TOSHIBA Canvio Ready 2TB 2.5 USB 3.2
                            

מק""ט: TH-X321



                            ₪339
                        
1

₪339"
355,295759,21/07/26 22:31,"עכבר אלחוטי ארגונומי ASUS WT300 2.4GHZ Black-Red
                            

מק""ט: ASMP-300R



                            ₪22
                        
20

₪580










                                דיסק פנימי WD BLUE SN5100 512GB Gen4.0 Up to 6600MB/S Read 2280
                            

מק""ט: WDS-5100-505



                            ₪299
                        
1

₪299"
359,300549,26/08/26 11:36,"סט אלחוטי 3 שפות ASUS CW100 KEY+MOUSE HEBREW ENGLISH RUSSIAN
                            

מק""ט: ASKM-CW100R



                            ₪59
                        
3

₪177










                                עכבר אלחוטי ארגונומי ASUS WT300 2.4GHZ Black-Red
                            

מק""ט: ASMP-300R



                            ₪22
                        
20

₪580










                                מסך לבן Solid F2712YW 27 FHD 5ms VA Speakers 120hz VGA HDMI
                            

מק""ט: SLM-F2712YW



                            ₪289
                        
1

₪289"
361,300569,26/08/26 12:37,"מפצל חשמל ל-8 שקעים עם כבל מאריך באורך 3 מטר ומפסק
                            

מק""ט: 29438



                            ₪25
                        
1

₪25"
362,300843,29/08/26 21:13,"ספק Corsair RM750e 80Plus Gold Fully-Modular ATX3.1 PCIE5.1
                            

מק""ט: 220-RM750295



                            ₪429
                        
1

₪429"
363,300844,29/08/26 21:15,"כבל HDMI TO DVI 3M
                            

מק""ט: 29071



                            ₪18
                        
3

₪54"
